{
  "accuracy": [
    0.5930588245391846,
    0.7505882382392883,
    0.7851764559745789,
    0.800352931022644,
    0.8107059001922607,
    0.8125882148742676,
    0.8190588355064392,
    0.829764723777771,
    0.8376470804214478,
    0.8345882296562195,
    0.8381176590919495,
    0.8554117679595947,
    0.8734117746353149,
    0.8822352886199951,
    0.8908235430717468,
    0.896117627620697,
    0.9048235416412354,
    0.9090588092803955,
    0.9117646813392639,
    0.919176459312439
  ],
  "val_accuracy": [
    0.7139999866485596,
    0.7580000162124634,
    0.7799999713897705,
    0.8059999942779541,
    0.8209999799728394,
    0.8090000152587891,
    0.8059999942779541,
    0.8109999895095825,
    0.7990000247955322,
    0.8159999847412109,
    0.8289999961853027,
    0.8190000057220459,
    0.847000002861023,
    0.8610000014305115,
    0.8610000014305115,
    0.8709999918937683,
    0.8619999885559082,
    0.8730000257492065,
    0.8500000238418579,
    0.8920000195503235
  ],
  "loss": [
    1.185031771659851,
    0.7401703596115112,
    0.6345699429512024,
    0.5950025320053101,
    0.5527799129486084,
    0.5393328666687012,
    0.5202410221099854,
    0.4991239011287689,
    0.48784729838371277,
    0.4741206765174866,
    0.4782157242298126,
    0.4078892171382904,
    0.3617188334465027,
    0.3426777124404907,
    0.3199903964996338,
    0.2895050048828125,
    0.27383798360824585,
    0.2616618275642395,
    0.24605219066143036,
    0.23326048254966736
  ],
  "val_loss": [
    0.839103639125824,
    0.7355348467826843,
    0.6780969500541687,
    0.6137852668762207,
    0.5639808773994446,
    0.5834919810295105,
    0.5765162110328674,
    0.5846703052520752,
    0.6103256344795227,
    0.5671404004096985,
    0.5108079314231873,
    0.516636848449707,
    0.474867045879364,
    0.4362126588821411,
    0.4195989966392517,
    0.39834046363830566,
    0.3973524272441864,
    0.3892521858215332,
    0.44898778200149536,
    0.3578430116176605
  ],
  "fine_tune_boundary": 10,
  "best": {
    "best_val_accuracy": 0.8920000195503235,
    "best_val_loss": 0.3578430116176605,
    "best_phase": 2,
    "best_epoch": 10,
    "total_training_time_seconds": 1344.3227174282074
  }
}