{
  "accuracy": [
    0.6015294194221497,
    0.7735294103622437,
    0.814235270023346,
    0.8263529539108276,
    0.8399999737739563,
    0.8423529267311096,
    0.8511765003204346,
    0.8541176319122314,
    0.8571764826774597,
    0.8637647032737732,
    0.8649411797523499,
    0.8697646856307983,
    0.86917644739151,
    0.8728235363960266,
    0.8770588040351868,
    0.8804705739021301,
    0.8901176452636719,
    0.9004706144332886,
    0.9032941460609436,
    0.9100000262260437,
    0.9098823666572571,
    0.9148235321044922,
    0.9179999828338623,
    0.9224705696105957,
    0.923764705657959
  ],
  "val_accuracy": [
    0.6710000038146973,
    0.7200000286102295,
    0.7649999856948853,
    0.8009999990463257,
    0.8090000152587891,
    0.8220000267028809,
    0.824999988079071,
    0.8320000171661377,
    0.8399999737739563,
    0.8330000042915344,
    0.8410000205039978,
    0.8330000042915344,
    0.8560000061988831,
    0.8479999899864197,
    0.8600000143051147,
    0.8849999904632568,
    0.8859999775886536,
    0.8889999985694885,
    0.8949999809265137,
    0.8859999775886536,
    0.9039999842643738,
    0.9070000052452087,
    0.9100000262260437,
    0.9120000004768372,
    0.921999990940094
  ],
  "loss": [
    1.2867051362991333,
    0.7559472322463989,
    0.6172158718109131,
    0.5526215434074402,
    0.5092219710350037,
    0.48727408051490784,
    0.46621081233024597,
    0.4463897943496704,
    0.4269874691963196,
    0.41635823249816895,
    0.41716843843460083,
    0.40182721614837646,
    0.3964504301548004,
    0.3742230534553528,
    0.3808000981807709,
    0.3588157594203949,
    0.3251386284828186,
    0.29189765453338623,
    0.28327375650405884,
    0.26475414633750916,
    0.2683395445346832,
    0.2527386248111725,
    0.2368839979171753,
    0.23183166980743408,
    0.22779661417007446
  ],
  "val_loss": [
    0.9770771861076355,
    0.8079469799995422,
    0.6766340136528015,
    0.5794030427932739,
    0.5485906004905701,
    0.5196671485900879,
    0.5075538754463196,
    0.498924195766449,
    0.46256116032600403,
    0.4734482169151306,
    0.4816425144672394,
    0.4796890914440155,
    0.4175134301185608,
    0.43216097354888916,
    0.41934934258461,
    0.3478948771953583,
    0.35566291213035583,
    0.34145304560661316,
    0.3204116225242615,
    0.3307027518749237,
    0.3063306510448456,
    0.29066285490989685,
    0.27713844180107117,
    0.2768356204032898,
    0.2549736499786377
  ],
  "fine_tune_boundary": 15,
  "best": {
    "best_val_accuracy": 0.921999990940094,
    "best_val_loss": 0.2549736499786377,
    "best_phase": 2,
    "best_epoch": 10,
    "total_training_time_seconds": 1750.8623116016388
  }
}