{
  "accuracy": [
    0.527647078037262,
    0.691529393196106,
    0.7445882558822632,
    0.7784705758094788,
    0.8055294156074524,
    0.853882372379303,
    0.871999979019165,
    0.874470591545105,
    0.8724706172943115,
    0.8910588026046753,
    0.9109411835670471,
    0.9176470637321472,
    0.9195294380187988,
    0.9254117608070374,
    0.9196470379829407,
    0.929411768913269,
    0.927294135093689,
    0.9341176748275757,
    0.9364705681800842,
    0.930117666721344,
    0.9323529601097107,
    0.9369411468505859,
    0.9530588388442993,
    0.9512941241264343,
    0.9567058682441711,
    0.9523529410362244,
    0.9564706087112427,
    0.9610587954521179,
    0.963882327079773
  ],
  "loss": [
    1.412622332572937,
    0.8890010714530945,
    0.7419676780700684,
    0.6353704929351807,
    0.5547411441802979,
    0.43272385001182556,
    0.37640702724456787,
    0.3729092478752136,
    0.3726864755153656,
    0.3261670470237732,
    0.2677575647830963,
    0.25094830989837646,
    0.24101603031158447,
    0.2258925586938858,
    0.23596592247486115,
    0.20855864882469177,
    0.21911917626857758,
    0.19331060349941254,
    0.1916033923625946,
    0.20287944376468658,
    0.19566909968852997,
    0.1789497435092926,
    0.14713652431964874,
    0.14533814787864685,
    0.1310659795999527,
    0.13380242884159088,
    0.13940055668354034,
    0.11764098703861237,
    0.11002729088068008
  ],
  "val_accuracy": [
    0.10199999809265137,
    0.37599998712539673,
    0.4189999997615814,
    0.22499999403953552,
    0.3330000042915344,
    0.46700000762939453,
    0.6150000095367432,
    0.3499999940395355,
    0.5870000123977661,
    0.5180000066757202,
    0.6489999890327454,
    0.6190000176429749,
    0.6909999847412109,
    0.6869999766349792,
    0.718999981880188,
    0.8569999933242798,
    0.7829999923706055,
    0.6119999885559082,
    0.902999997138977,
    0.8080000281333923,
    0.5770000219345093,
    0.7540000081062317,
    0.8230000138282776,
    0.9330000281333923,
    0.8690000176429749,
    0.765999972820282,
    0.8460000157356262,
    0.8640000224113464,
    0.8790000081062317
  ],
  "val_loss": [
    6.421650409698486,
    2.965158224105835,
    3.518523693084717,
    10.932594299316406,
    4.662789821624756,
    2.612642765045166,
    1.5858802795410156,
    5.6533637046813965,
    2.3938534259796143,
    2.655125141143799,
    1.4150267839431763,
    2.092114210128784,
    1.2841856479644775,
    1.3099790811538696,
    0.9504328370094299,
    0.5022696256637573,
    0.6842723488807678,
    1.7891945838928223,
    0.3278788924217224,
    0.6433324813842773,
    2.850645065307617,
    1.058181643486023,
    0.5561412572860718,
    0.19891364872455597,
    0.47583362460136414,
    0.869801938533783,
    0.5402672290802002,
    0.4828387200832367,
    0.3746797740459442
  ],
  "learning_rate": [
    0.0010000000474974513,
    0.0010000000474974513,
    0.0010000000474974513,
    0.0010000000474974513,
    0.0010000000474974513,
    0.0005000000237487257,
    0.0005000000237487257,
    0.0005000000237487257,
    0.0005000000237487257,
    0.0005000000237487257,
    0.0002500000118743628,
    0.0002500000118743628,
    0.0002500000118743628,
    0.0002500000118743628,
    0.0002500000118743628,
    0.0002500000118743628,
    0.0002500000118743628,
    0.0002500000118743628,
    0.0002500000118743628,
    0.0002500000118743628,
    0.0002500000118743628,
    0.0002500000118743628,
    0.0001250000059371814,
    0.0001250000059371814,
    0.0001250000059371814,
    0.0001250000059371814,
    0.0001250000059371814,
    6.25000029685907e-05,
    6.25000029685907e-05
  ]
}